{"cameraMode":{"drawMode":0,"name":"Shaded","section":"Shading Mode"},"sceneLighting":true,"audioPlay":false,"sceneViewState":{"showFog":true,"showMaterialUpdate":false,"showSkybox":true,"showFlares":true,"showImageEffects":true,"showParticleSystems":true},"in2DMode":false,"pivot":{"x":335.51385498046877,"y":487.9535827636719,"z":243.6776123046875},"rotation":{"x":0.18759119510650636,"y":-0.7906898260116577,"z":0.2951914668083191,"w":0.5024751424789429},"size":121.87527465820313,"orthographic":false}