{"cameraMode":{"drawMode":0,"name":"Shaded","section":"Shading Mode"},"sceneLighting":true,"audioPlay":false,"sceneViewState":{"showFog":true,"showMaterialUpdate":false,"showSkybox":true,"showFlares":true,"showImageEffects":true,"showParticleSystems":true},"in2DMode":false,"pivot":{"x":15.90999984741211,"y":0.5699999332427979,"z":22.100000381469728},"rotation":{"x":0.10119186341762543,"y":-0.1707381010055542,"z":0.01763290725648403,"w":0.9799478650093079},"size":41.491703033447269,"orthographic":true}