{"cameraMode":{"drawMode":0,"name":"Shaded","section":"Shading Mode"},"sceneLighting":true,"audioPlay":false,"sceneViewState":{"showFog":true,"showMaterialUpdate":false,"showSkybox":true,"showFlares":true,"showImageEffects":true,"showParticleSystems":true},"in2DMode":false,"pivot":{"x":-15.974042892456055,"y":-1.0319547653198243,"z":-8.512248992919922},"rotation":{"x":-0.035399384796619418,"y":0.8748587369918823,"z":-0.06469053030014038,"w":-0.47873184084892275},"size":21.014020919799806,"orthographic":false}