{"cameraMode":{"drawMode":1,"name":"Wireframe","section":"Shading Mode"},"sceneLighting":false,"audioPlay":false,"sceneViewState":{"showFog":true,"showMaterialUpdate":false,"showSkybox":true,"showFlares":true,"showImageEffects":true,"showParticleSystems":true},"in2DMode":false,"pivot":{"x":2.384185791015625e-7,"y":-9.5367431640625e-7,"z":-4.76837158203125e-7},"rotation":{"x":0.2568947672843933,"y":-0.004048998933285475,"z":0.0010764499893411995,"w":0.9664303064346314},"size":11.624388694763184,"orthographic":false}