{"cameraMode":{"drawMode":1,"name":"Wireframe","section":"Shading Mode"},"sceneLighting":true,"audioPlay":false,"sceneViewState":{"showFog":true,"showMaterialUpdate":false,"showSkybox":true,"showFlares":true,"showImageEffects":true,"showParticleSystems":true},"in2DMode":false,"pivot":{"x":0.0,"y":0.2478344440460205,"z":-0.3538479804992676},"rotation":{"x":0.2568947672843933,"y":-0.004048998933285475,"z":0.0010764499893411995,"w":0.9664303064346314},"size":5.740190505981445,"orthographic":false}