{"cameraMode":{"drawMode":0,"name":"Shaded","section":"Shading Mode"},"sceneLighting":false,"audioPlay":false,"sceneViewState":{"showFog":false,"showMaterialUpdate":false,"showSkybox":true,"showFlares":false,"showImageEffects":false,"showParticleSystems":false},"in2DMode":false,"pivot":{"x":-14.00457763671875,"y":-0.7339401245117188,"z":3.4512367248535158},"rotation":{"x":0.040195781737565997,"y":0.859727144241333,"z":-0.06849265843629837,"w":0.5045417547225952},"size":33.95634078979492,"orthographic":false}