{"cameraMode":{"drawMode":0,"name":"Shaded","section":"Shading Mode"},"sceneLighting":false,"audioPlay":false,"sceneViewState":{"showFog":false,"showMaterialUpdate":false,"showSkybox":true,"showFlares":false,"showImageEffects":false,"showParticleSystems":false},"in2DMode":false,"pivot":{"x":7.242422580718994,"y":2.28989577293396,"z":25.166521072387697},"rotation":{"x":0.021477211266756059,"y":-0.9553491473197937,"z":0.0717862993478775,"w":0.285820871591568},"size":2.2212486267089845,"orthographic":false}