{"cameraMode":{"drawMode":0,"name":"Shaded","section":"Shading Mode"},"sceneLighting":false,"audioPlay":false,"sceneViewState":{"showFog":false,"showMaterialUpdate":false,"showSkybox":true,"showFlares":false,"showImageEffects":false,"showParticleSystems":false},"in2DMode":false,"pivot":{"x":-3.7799997329711916,"y":0.5,"z":13.489999771118164},"rotation":{"x":0.040195781737565997,"y":0.859727144241333,"z":-0.06849265843629837,"w":0.5045417547225952},"size":2.8578834533691408,"orthographic":false}